<?xml version="1.0" encoding="UTF-8"?>

<!DOCTYPE hibernate-mapping PUBLIC
          "-//Hibernate/Hibernate Mapping DTD 3.0//EN"
          "http://hibernate.sourceforge.net/hibernate-mapping-3.0.dtd">

<hibernate-mapping>
   <class name="entities.BeneficiaryDetails" table="BENEFICIARY_DETAILS">
      <id name="benAccNo" column="BENEFICIARY_ACCOUNT_NO">
         <generator class="assigned" />
      </id>

	<property name="custId" type="int">
		<column name="CUST_ID" />
	</property>
	<property name="benBank">
		<column name="BENEFICIARY_BANK" />
	</property>
	<property name="benAccType">
		<column name="BENEFICIARY_ACCOUNT_TYPE" />
	</property>
	<property name="benIfsc">
		<column name="BENEFICIARY_IFSC" />
	</property>
	<property name="benName">
		<column name="BENEFICIARY_NAME" />
	</property>
	<property name="lastUpdate">
		<column name="LAST_UPDATE" />
	</property>
	
   </class>

</hibernate-mapping>
