<?xml version="1.0" encoding="UTF-8"?>

<!DOCTYPE hibernate-mapping PUBLIC
          "-//Hibernate/Hibernate Mapping DTD 3.0//EN"
          "http://hibernate.sourceforge.net/hibernate-mapping-3.0.dtd">

<hibernate-mapping>
   <class name="entities.CustomerDetails" table="CUSTOMER_DETAILS">
      <id name="custId" type="int" column="CUST_ID">
         <generator class="increment" />
      </id>
	<property name="custNme">
		<column name="CUST_NAME" />
	</property>
	<property name="mobileNo">
		<column name="MOB_NO" />
	</property>
	<property name="emailId">
		<column name="EMAIL_ID" />
	</property>
	<property name="gender">
		<column name="GENDER" />
	</property>
	<property name="aadharNo">
		<column name="AADHAR_NO" />
	</property>
	<property name="panNo">
		<column name="PAN_NO" />
	</property>
	<!-- <property name="dateOfBirth" type="date">
		<column name="DATE_OF_BIRTH" />
	</property> -->
	
   </class>

</hibernate-mapping>
