<?xml version="1.0" encoding="UTF-8"?>

<!DOCTYPE hibernate-mapping PUBLIC
          "-//Hibernate/Hibernate Mapping DTD 3.0//EN"
          "http://hibernate.sourceforge.net/hibernate-mapping-3.0.dtd">

<hibernate-mapping>
   <class name="entities.TransactionDetails" table="TRANSACTION_DETAILS">
      <id name="transId" type="int" column="TRANS_ID">
         <generator class="increment" />
      </id>

	<property name="custId" type="int">
		<column name="CUST_ID" />
	</property>
	<property name="accNo" type="int">
		<column name="ACCOUNT_NO" />
	</property>
	<property name="payeeAccNo">
		<column name="PAYEE_ACCOUNT_NO" />
	</property>
	<property name="payeeName">
		<column name="PAYEE_NAME" />
	</property>
	<property name="payeeBank">
		<column name="PAYEE_BANK" />
	</property>
	<property name="transferDate" type="date">
		<column name="TRANSFER_DATE" />
	</property>
	<property name="amount" type="float">
		<column name="AMOUNT" />
	</property>
	 </class>

</hibernate-mapping>
